theta,time,v,w,x,y
0,0,1,0.1,0,0
0.01,0.01,1,0.1,0.1,0.05
0.02,0.02,1,0.1,0.2,0.1
0.03,0.03,1,0.1,0.3,0.15
0.04,0.04,1,0.1,0.4,0.2
0.05,0.05,1,0.1,0.5,0.25
0.06,0.06,1,0.1,0.6,0.3
0.07,0.07,1,0.1,0.7,0.35
0.08,0.08,1,0.1,0.8,0.4
0.09,0.09,1,0.1,0.9,0.45
0.1,0.1,1,0.1,1,0.5
0.11,0.11,1,0.1,1.1,0.55
0.12,0.12,1,0.1,1.2,0.6
0.13,0.13,1,0.1,1.3,0.65
0.14,0.14,1,0.1,1.4,0.7
0.15,0.15,1,0.1,1.5,0.75
0.16,0.16,1,0.1,1.6,0.8
0.17,0.17,1,0.1,1.7,0.85
0.18,0.18,1,0.1,1.8,0.9
0.19,0.19,1,0.1,1.9,0.95
0.2,0.2,1,0.1,2,1
0.21,0.21,1,0.1,2.1,1.05
0.22,0.22,1,0.1,2.2,1.1
0.23,0.23,1,0.1,2.3,1.15
0.24,0.24,1,0.1,2.4,1.2
0.25,0.25,1,0.1,2.5,1.25
0.26,0.26,1,0.1,2.6,1.3
0.27,0.27,1,0.1,2.7,1.35
0.28,0.28,1,0.1,2.8,1.4
0.29,0.29,1,0.1,2.9,1.45
0.3,0.3,1,0.1,3,1.5
0.31,0.31,1,0.1,3.1,1.55
0.32,0.32,1,0.1,3.2,1.6
0.33,0.33,1,0.1,3.3,1.65
0.34,0.34,1,0.1,3.4,1.7
0.35,0.35,1,0.1,3.5,1.75
0.36,0.36,1,0.1,3.6,1.8
0.37,0.37,1,0.1,3.7,1.85
0.38,0.38,1,0.1,3.8,1.9
0.39,0.39,1,0.1,3.9,1.95
0.4,0.4,1,0.1,4,2
0.41,0.41,1,0.1,4.1,2.05
0.42,0.42,1,0.1,4.2,2.1
0.43,0.43,1,0.1,4.3,2.15
0.44,0.44,1,0.1,4.4,2.2
0.45,0.45,1,0.1,4.5,2.25
0.46,0.46,1,0.1,4.6,2.3
0.47,0.47,1,0.1,4.7,2.35
0.48,0.48,1,0.1,4.8,2.4
0.49,0.49,1,0.1,4.9,2.45
0.5,0.5,1,0.1,5,2.5
0.51,0.51,1,0.1,5.1,2.55
0.52,0.52,1,0.1,5.2,2.6
0.53,0.53,1,0.1,5.3,2.65
0.54,0.54,1,0.1,5.4,2.7
0.55,0.55,1,0.1,5.5,2.75
0.56,0.56,1,0.1,5.6,2.8
0.57,0.57,1,0.1,5.7,2.85
0.58,0.58,1,0.1,5.8,2.9
0.59,0.59,1,0.1,5.9,2.95
0.6,0.6,1,0.1,6,3
0.61,0.61,1,0.1,6.1,3.05
0.62,0.62,1,0.1,6.2,3.1
0.63,0.63,1,0.1,6.3,3.15
0.64,0.64,1,0.1,6.4,3.2
0.65,0.65,1,0.1,6.5,3.25
0.66,0.66,1,0.1,6.6,3.3
0.67,0.67,1,0.1,6.7,3.35
0.68,0.68,1,0.1,6.8,3.4
0.69,0.69,1,0.1,6.9,3.45
0.7,0.7,1,0.1,7,3.5
0.71,0.71,1,0.1,7.1,3.55
0.72,0.72,1,0.1,7.2,3.6
0.73,0.73,1,0.1,7.3,3.65
0.74,0.74,1,0.1,7.4,3.7
0.75,0.75,1,0.1,7.5,3.75
0.76,0.76,1,0.1,7.6,3.8
0.77,0.77,1,0.1,7.7,3.85
0.78,0.78,1,0.1,7.8,3.9
0.79,0.79,1,0.1,7.9,3.95
0.8,0.8,1,0.1,8,4
0.81,0.81,1,0.1,8.1,4.05
0.82,0.82,1,0.1,8.2,4.1
0.83,0.83,1,0.1,8.3,4.15
0.84,0.84,1,0.1,8.4,4.2
0.85,0.85,1,0.1,8.5,4.25
0.86,0.86,1,0.1,8.6,4.3
0.87,0.87,1,0.1,8.7,4.35
0.88,0.88,1,0.1,8.8,4.4
0.89,0.89,1,0.1,8.9,4.45
0.9,0.9,1,0.1,9,4.5
0.91,0.91,1,0.1,9.1,4.55
0.92,0.92,1,0.1,9.2,4.6
0.93,0.93,1,0.1,9.3,4.65
0.94,0.94,1,0.1,9.4,4.7
0.95,0.95,1,0.1,9.5,4.75
0.96,0.96,1,0.1,9.6,4.8
0.97,0.97,1,0.1,9.7,4.85
0.98,0.98,1,0.1,9.8,4.9
0.99,0.99,1,0.1,9.9,4.95
1,1,1,0.1,10,5
1.01,1.01,1,0.1,10.1,5.05
1.02,1.02,1,0.1,10.2,5.1
1.03,1.03,1,0.1,10.3,5.15
1.04,1.04,1,0.1,10.4,5.2
1.05,1.05,1,0.1,10.5,5.25
1.06,1.06,1,0.1,10.6,5.3
1.07,1.07,1,0.1,10.7,5.35
1.08,1.08,1,0.1,10.8,5.4
1.09,1.09,1,0.1,10.9,5.45
1.1,1.1,1,0.1,11,5.5
1.11,1.11,1,0.1,11.1,5.55
1.12,1.12,1,0.1,11.2,5.6
1.13,1.13,1,0.1,11.3,5.65
1.14,1.14,1,0.1,11.4,5.7
1.15,1.15,1,0.1,11.5,5.75
1.16,1.16,1,0.1,11.6,5.8
1.17,1.17,1,0.1,11.7,5.85
1.18,1.18,1,0.1,11.8,5.9
1.19,1.19,1,0.1,11.9,5.95
1.2,1.2,1,0.1,12,6
1.21,1.21,1,0.1,12.1,6.05
1.22,1.22,1,0.1,12.2,6.1
1.23,1.23,1,0.1,12.3,6.15
1.24,1.24,1,0.1,12.4,6.2
1.25,1.25,1,0.1,12.5,6.25
1.26,1.26,1,0.1,12.6,6.3
1.27,1.27,1,0.1,12.7,6.35
1.28,1.28,1,0.1,12.8,6.4
1.29,1.29,1,0.1,12.9,6.45
1.3,1.3,1,0.1,13,6.5
1.31,1.31,1,0.1,13.1,6.55
1.32,1.32,1,0.1,13.2,6.6
1.33,1.33,1,0.1,13.3,6.65
1.34,1.34,1,0.1,13.4,6.7
1.35,1.35,1,0.1,13.5,6.75
1.36,1.36,1,0.1,13.6,6.8
1.37,1.37,1,0.1,13.7,6.85
1.38,1.38,1,0.1,13.8,6.9
1.39,1.39,1,0.1,13.9,6.95
1.4,1.4,1,0.1,14,7
1.41,1.41,1,0.1,14.1,7.05
1.42,1.42,1,0.1,14.2,7.1
1.43,1.43,1,0.1,14.3,7.15
1.44,1.44,1,0.1,14.4,7.2
1.45,1.45,1,0.1,14.5,7.25
1.46,1.46,1,0.1,14.6,7.3
1.47,1.47,1,0.1,14.7,7.35
1.48,1.48,1,0.1,14.8,7.4
1.49,1.49,1,0.1,14.9,7.45
1.5,1.5,1,0.1,15,7.5
1.51,1.51,1,0.1,15.1,7.55
1.52,1.52,1,0.1,15.2,7.6
1.53,1.53,1,0.1,15.3,7.65
1.54,1.54,1,0.1,15.4,7.7
1.55,1.55,1,0.1,15.5,7.75
1.56,1.56,1,0.1,15.6,7.8
1.57,1.57,1,0.1,15.7,7.85
1.58,1.58,1,0.1,15.8,7.9
1.59,1.59,1,0.1,15.9,7.95
1.6,1.6,1,0.1,16,8
1.61,1.61,1,0.1,16.1,8.05
1.62,1.62,1,0.1,16.2,8.1
1.63,1.63,1,0.1,16.3,8.15
1.64,1.64,1,0.1,16.4,8.2
1.65,1.65,1,0.1,16.5,8.25
1.66,1.66,1,0.1,16.6,8.3
1.67,1.67,1,0.1,16.7,8.35
1.68,1.68,1,0.1,16.8,8.4
1.69,1.69,1,0.1,16.9,8.45
1.7,1.7,1,0.1,17,8.5
1.71,1.71,1,0.1,17.1,8.55
1.72,1.72,1,0.1,17.2,8.6
1.73,1.73,1,0.1,17.3,8.65
1.74,1.74,1,0.1,17.4,8.7
1.75,1.75,1,0.1,17.5,8.75
1.76,1.76,1,0.1,17.6,8.8
1.77,1.77,1,0.1,17.7,8.85
1.78,1.78,1,0.1,17.8,8.9
1.79,1.79,1,0.1,17.9,8.95
1.8,1.8,1,0.1,18,9
1.81,1.81,1,0.1,18.1,9.05
1.82,1.82,1,0.1,18.2,9.1
1.83,1.83,1,0.1,18.3,9.15
1.84,1.84,1,0.1,18.4,9.2
1.85,1.85,1,0.1,18.5,9.25
1.86,1.86,1,0.1,18.6,9.3
1.87,1.87,1,0.1,18.7,9.35
1.88,1.88,1,0.1,18.8,9.4
1.89,1.89,1,0.1,18.9,9.45
1.9,1.9,1,0.1,19,9.5
1.91,1.91,1,0.1,19.1,9.55
1.92,1.92,1,0.1,19.2,9.6
1.93,1.93,1,0.1,19.3,9.65
1.94,1.94,1,0.1,19.4,9.7
1.95,1.95,1,0.1,19.5,9.75
1.96,1.96,1,0.1,19.6,9.8
1.97,1.97,1,0.1,19.7,9.85
1.98,1.98,1,0.1,19.8,9.9
1.99,1.99,1,0.1,19.9,9.95
2,2,1,0.1,20,10
2.01,2.01,1,0.1,20.1,10.05
2.02,2.02,1,0.1,20.2,10.1
2.03,2.03,1,0.1,20.3,10.15
2.04,2.04,1,0.1,20.4,10.2
2.05,2.05,1,0.1,20.5,10.25
2.06,2.06,1,0.1,20.6,10.3
2.07,2.07,1,0.1,20.7,10.35
2.08,2.08,1,0.1,20.8,10.4
2.09,2.09,1,0.1,20.9,10.45
2.1,2.1,1,0.1,21,10.5
2.11,2.11,1,0.1,21.1,10.55
2.12,2.12,1,0.1,21.2,10.6
2.13,2.13,1,0.1,21.3,10.65
2.14,2.14,1,0.1,21.4,10.7
2.15,2.15,1,0.1,21.5,10.75
2.16,2.16,1,0.1,21.6,10.8
2.17,2.17,1,0.1,21.7,10.85
2.18,2.18,1,0.1,21.8,10.9
2.19,2.19,1,0.1,21.9,10.95
2.2,2.2,1,0.1,22,11
2.21,2.21,1,0.1,22.1,11.05
2.22,2.22,1,0.1,22.2,11.1
2.23,2.23,1,0.1,22.3,11.15
2.24,2.24,1,0.1,22.4,11.2
2.25,2.25,1,0.1,22.5,11.25
2.26,2.26,1,0.1,22.6,11.3
2.27,2.27,1,0.1,22.7,11.35
2.28,2.28,1,0.1,22.8,11.4
2.29,2.29,1,0.1,22.9,11.45
2.3,2.3,1,0.1,23,11.5
2.31,2.31,1,0.1,23.1,11.55
2.32,2.32,1,0.1,23.2,11.6
2.33,2.33,1,0.1,23.3,11.65
2.34,2.34,1,0.1,23.4,11.7
2.35,2.35,1,0.1,23.5,11.75
2.36,2.36,1,0.1,23.6,11.8
2.37,2.37,1,0.1,23.7,11.85
2.38,2.38,1,0.1,23.8,11.9
2.39,2.39,1,0.1,23.9,11.95
2.4,2.4,1,0.1,24,12
2.41,2.41,1,0.1,24.1,12.05
2.42,2.42,1,0.1,24.2,12.1
2.43,2.43,1,0.1,24.3,12.15
2.44,2.44,1,0.1,24.4,12.2
2.45,2.45,1,0.1,24.5,12.25
2.46,2.46,1,0.1,24.6,12.3
2.47,2.47,1,0.1,24.7,12.35
2.48,2.48,1,0.1,24.8,12.4
2.49,2.49,1,0.1,24.9,12.45
2.5,2.5,1,0.1,25,12.5
2.51,2.51,1,0.1,25.1,12.55
2.52,2.52,1,0.1,25.2,12.6
2.53,2.53,1,0.1,25.3,12.65
2.54,2.54,1,0.1,25.4,12.7
2.55,2.55,1,0.1,25.5,12.75
2.56,2.56,1,0.1,25.6,12.8
2.57,2.57,1,0.1,25.7,12.85
2.58,2.58,1,0.1,25.8,12.9
2.59,2.59,1,0.1,25.9,12.95
2.6,2.6,1,0.1,26,13
2.61,2.61,1,0.1,26.1,13.05
2.62,2.62,1,0.1,26.2,13.1
2.63,2.63,1,0.1,26.3,13.15
2.64,2.64,1,0.1,26.4,13.2
2.65,2.65,1,0.1,26.5,13.25
2.66,2.66,1,0.1,26.6,13.3
2.67,2.67,1,0.1,26.7,13.35
2.68,2.68,1,0.1,26.8,13.4
2.69,2.69,1,0.1,26.9,13.45
2.7,2.7,1,0.1,27,13.5
2.71,2.71,1,0.1,27.1,13.55
2.72,2.72,1,0.1,27.2,13.6
2.73,2.73,1,0.1,27.3,13.65
2.74,2.74,1,0.1,27.4,13.7
2.75,2.75,1,0.1,27.5,13.75
2.76,2.76,1,0.1,27.6,13.8
2.77,2.77,1,0.1,27.7,13.85
2.78,2.78,1,0.1,27.8,13.9
2.79,2.79,1,0.1,27.9,13.95
2.8,2.8,1,0.1,28,14
2.81,2.81,1,0.1,28.1,14.05
2.82,2.82,1,0.1,28.2,14.1
2.83,2.83,1,0.1,28.3,14.15
2.84,2.84,1,0.1,28.4,14.2
2.85,2.85,1,0.1,28.5,14.25
2.86,2.86,1,0.1,28.6,14.3
2.87,2.87,1,0.1,28.7,14.35
2.88,2.88,1,0.1,28.8,14.4
2.89,2.89,1,0.1,28.9,14.45
2.9,2.9,1,0.1,29,14.5
2.91,2.91,1,0.1,29.1,14.55
2.92,2.92,1,0.1,29.2,14.6
2.93,2.93,1,0.1,29.3,14.65
2.94,2.94,1,0.1,29.4,14.7
2.95,2.95,1,0.1,29.5,14.75
2.96,2.96,1,0.1,29.6,14.8
2.97,2.97,1,0.1,29.7,14.85
2.98,2.98,1,0.1,29.8,14.9
2.99,2.99,1,0.1,29.9,14.95
3,3,1,0.1,30,15
3.01,3.01,1,0.1,30.1,15.05
3.02,3.02,1,0.1,30.2,15.1
3.03,3.03,1,0.1,30.3,15.15
3.04,3.04,1,0.1,30.4,15.2
3.05,3.05,1,0.1,30.5,15.25
3.06,3.06,1,0.1,30.6,15.3
3.07,3.07,1,0.1,30.7,15.35
3.08,3.08,1,0.1,30.8,15.4
3.09,3.09,1,0.1,30.9,15.45
3.1,3.1,1,0.1,31,15.5
3.11,3.11,1,0.1,31.1,15.55
3.12,3.12,1,0.1,31.2,15.6
3.13,3.13,1,0.1,31.3,15.65
3.14,3.14,1,0.1,31.4,15.7
3.15,3.15,1,0.1,31.5,15.75
3.16,3.16,1,0.1,31.6,15.8
3.17,3.17,1,0.1,31.7,15.85
3.18,3.18,1,0.1,31.8,15.9
3.19,3.19,1,0.1,31.9,15.95
3.2,3.2,1,0.1,32,16
3.21,3.21,1,0.1,32.1,16.05
3.22,3.22,1,0.1,32.2,16.1
3.23,3.23,1,0.1,32.3,16.15
3.24,3.24,1,0.1,32.4,16.2
3.25,3.25,1,0.1,32.5,16.25
3.26,3.26,1,0.1,32.6,16.3
3.27,3.27,1,0.1,32.7,16.35
3.28,3.28,1,0.1,32.8,16.4
3.29,3.29,1,0.1,32.9,16.45
3.3,3.3,1,0.1,33,16.5
3.31,3.31,1,0.1,33.1,16.55
3.32,3.32,1,0.1,33.2,16.6
3.33,3.33,1,0.1,33.3,16.65
3.34,3.34,1,0.1,33.4,16.7
3.35,3.35,1,0.1,33.5,16.75
3.36,3.36,1,0.1,33.6,16.8
3.37,3.37,1,0.1,33.7,16.85
3.38,3.38,1,0.1,33.8,16.9
3.39,3.39,1,0.1,33.9,16.95
3.4,3.4,1,0.1,34,17
3.41,3.41,1,0.1,34.1,17.05
3.42,3.42,1,0.1,34.2,17.1
3.43,3.43,1,0.1,34.3,17.15
3.44,3.44,1,0.1,34.4,17.2
3.45,3.45,1,0.1,34.5,17.25
3.46,3.46,1,0.1,34.6,17.3
3.47,3.47,1,0.1,34.7,17.35
3.48,3.48,1,0.1,34.8,17.4
3.49,3.49,1,0.1,34.9,17.45
3.5,3.5,1,0.1,35,17.5
3.51,3.51,1,0.1,35.1,17.55
3.52,3.52,1,0.1,35.2,17.6
3.53,3.53,1,0.1,35.3,17.65
3.54,3.54,1,0.1,35.4,17.7
3.55,3.55,1,0.1,35.5,17.75
3.56,3.56,1,0.1,35.6,17.8
3.57,3.57,1,0.1,35.7,17.85
3.58,3.58,1,0.1,35.8,17.9
3.59,3.59,1,0.1,35.9,17.95
3.6,3.6,1,0.1,36,18
3.61,3.61,1,0.1,36.1,18.05
3.62,3.62,1,0.1,36.2,18.1
3.63,3.63,1,0.1,36.3,18.15
3.64,3.64,1,0.1,36.4,18.2
3.65,3.65,1,0.1,36.5,18.25
3.66,3.66,1,0.1,36.6,18.3
3.67,3.67,1,0.1,36.7,18.35
3.68,3.68,1,0.1,36.8,18.4
3.69,3.69,1,0.1,36.9,18.45
3.7,3.7,1,0.1,37,18.5
3.71,3.71,1,0.1,37.1,18.55
3.72,3.72,1,0.1,37.2,18.6
3.73,3.73,1,0.1,37.3,18.65
3.74,3.74,1,0.1,37.4,18.7
3.75,3.75,1,0.1,37.5,18.75
3.76,3.76,1,0.1,37.6,18.8
3.77,3.77,1,0.1,37.7,18.85
3.78,3.78,1,0.1,37.8,18.9
3.79,3.79,1,0.1,37.9,18.95
3.8,3.8,1,0.1,38,19
3.81,3.81,1,0.1,38.1,19.05
3.82,3.82,1,0.1,38.2,19.1
3.83,3.83,1,0.1,38.3,19.15
3.84,3.84,1,0.1,38.4,19.2
3.85,3.85,1,0.1,38.5,19.25
3.86,3.86,1,0.1,38.6,19.3
3.87,3.87,1,0.1,38.7,19.35
3.88,3.88,1,0.1,38.8,19.4
3.89,3.89,1,0.1,38.9,19.45
3.9,3.9,1,0.1,39,19.5
3.91,3.91,1,0.1,39.1,19.55
3.92,3.92,1,0.1,39.2,19.6
3.93,3.93,1,0.1,39.3,19.65
3.94,3.94,1,0.1,39.4,19.7
3.95,3.95,1,0.1,39.5,19.75
3.96,3.96,1,0.1,39.6,19.8
3.97,3.97,1,0.1,39.7,19.85
3.98,3.98,1,0.1,39.8,19.9
3.99,3.99,1,0.1,39.9,19.95
4,4,1,0.1,40,20
4.01,4.01,1,0.1,40.1,20.05
4.02,4.02,1,0.1,40.2,20.1
4.03,4.03,1,0.1,40.3,20.15
4.04,4.04,1,0.1,40.4,20.2
4.05,4.05,1,0.1,40.5,20.25
4.06,4.06,1,0.1,40.6,20.3
4.07,4.07,1,0.1,40.7,20.35
4.08,4.08,1,0.1,40.8,20.4
4.09,4.09,1,0.1,40.9,20.45
4.1,4.1,1,0.1,41,20.5
4.11,4.11,1,0.1,41.1,20.55
4.12,4.12,1,0.1,41.2,20.6
4.13,4.13,1,0.1,41.3,20.65
4.14,4.14,1,0.1,41.4,20.7
4.15,4.15,1,0.1,41.5,20.75
4.16,4.16,1,0.1,41.6,20.8
4.17,4.17,1,0.1,41.7,20.85
4.18,4.18,1,0.1,41.8,20.9
4.19,4.19,1,0.1,41.9,20.95
4.2,4.2,1,0.1,42,21
4.21,4.21,1,0.1,42.1,21.05
4.22,4.22,1,0.1,42.2,21.1
4.23,4.23,1,0.1,42.3,21.15
4.24,4.24,1,0.1,42.4,21.2
4.25,4.25,1,0.1,42.5,21.25
4.26,4.26,1,0.1,42.6,21.3
4.27,4.27,1,0.1,42.7,21.35
4.28,4.28,1,0.1,42.8,21.4
4.29,4.29,1,0.1,42.9,21.45
4.3,4.3,1,0.1,43,21.5
4.31,4.31,1,0.1,43.1,21.55
4.32,4.32,1,0.1,43.2,21.6
4.33,4.33,1,0.1,43.3,21.65
4.34,4.34,1,0.1,43.4,21.7
4.35,4.35,1,0.1,43.5,21.75
4.36,4.36,1,0.1,43.6,21.8
4.37,4.37,1,0.1,43.7,21.85
4.38,4.38,1,0.1,43.8,21.9
4.39,4.39,1,0.1,43.9,21.95
4.4,4.4,1,0.1,44,22
4.41,4.41,1,0.1,44.1,22.05
4.42,4.42,1,0.1,44.2,22.1
4.43,4.43,1,0.1,44.3,22.15
4.44,4.44,1,0.1,44.4,22.2
4.45,4.45,1,0.1,44.5,22.25
4.46,4.46,1,0.1,44.6,22.3
4.47,4.47,1,0.1,44.7,22.35
4.48,4.48,1,0.1,44.8,22.4
4.49,4.49,1,0.1,44.9,22.45
4.5,4.5,1,0.1,45,22.5
4.51,4.51,1,0.1,45.1,22.55
4.52,4.52,1,0.1,45.2,22.6
4.53,4.53,1,0.1,45.3,22.65
4.54,4.54,1,0.1,45.4,22.7
4.55,4.55,1,0.1,45.5,22.75
4.56,4.56,1,0.1,45.6,22.8
4.57,4.57,1,0.1,45.7,22.85
4.58,4.58,1,0.1,45.8,22.9
4.59,4.59,1,0.1,45.9,22.95
4.6,4.6,1,0.1,46,23
4.61,4.61,1,0.1,46.1,23.05
4.62,4.62,1,0.1,46.2,23.1
4.63,4.63,1,0.1,46.3,23.15
4.64,4.64,1,0.1,46.4,23.2
4.65,4.65,1,0.1,46.5,23.25
4.66,4.66,1,0.1,46.6,23.3
4.67,4.67,1,0.1,46.7,23.35
4.68,4.68,1,0.1,46.8,23.4
4.69,4.69,1,0.1,46.9,23.45
4.7,4.7,1,0.1,47,23.5
4.71,4.71,1,0.1,47.1,23.55
4.72,4.72,1,0.1,47.2,23.6
4.73,4.73,1,0.1,47.3,23.65
4.74,4.74,1,0.1,47.4,23.7
4.75,4.75,1,0.1,47.5,23.75
4.76,4.76,1,0.1,47.6,23.8
4.77,4.77,1,0.1,47.7,23.85
4.78,4.78,1,0.1,47.8,23.9
4.79,4.79,1,0.1,47.9,23.95
4.8,4.8,1,0.1,48,24
4.81,4.81,1,0.1,48.1,24.05
4.82,4.82,1,0.1,48.2,24.1
4.83,4.83,1,0.1,48.3,24.15
4.84,4.84,1,0.1,48.4,24.2
4.85,4.85,1,0.1,48.5,24.25
4.86,4.86,1,0.1,48.6,24.3
4.87,4.87,1,0.1,48.7,24.35
4.88,4.88,1,0.1,48.8,24.4
4.89,4.89,1,0.1,48.9,24.45
4.9,4.9,1,0.1,49,24.5
4.91,4.91,1,0.1,49.1,24.55
4.92,4.92,1,0.1,49.2,24.6
4.93,4.93,1,0.1,49.3,24.65
4.94,4.94,1,0.1,49.4,24.7
4.95,4.95,1,0.1,49.5,24.75
4.96,4.96,1,0.1,49.6,24.8
4.97,4.97,1,0.1,49.7,24.85
4.98,4.98,1,0.1,49.8,24.9
4.99,4.99,1,0.1,49.9,24.95
5,5,1,0.1,50,25
5.01,5.01,1,0.1,50.1,25.05
5.02,5.02,1,0.1,50.2,25.1
5.03,5.03,1,0.1,50.3,25.15
5.04,5.04,1,0.1,50.4,25.2
5.05,5.05,1,0.1,50.5,25.25
5.06,5.06,1,0.1,50.6,25.3
5.07,5.07,1,0.1,50.7,25.35
5.08,5.08,1,0.1,50.8,25.4
5.09,5.09,1,0.1,50.9,25.45
5.1,5.1,1,0.1,51,25.5
5.11,5.11,1,0.1,51.1,25.55
5.12,5.12,1,0.1,51.2,25.6
5.13,5.13,1,0.1,51.3,25.65
5.14,5.14,1,0.1,51.4,25.7
5.15,5.15,1,0.1,51.5,25.75
5.16,5.16,1,0.1,51.6,25.8
5.17,5.17,1,0.1,51.7,25.85
5.18,5.18,1,0.1,51.8,25.9
5.19,5.19,1,0.1,51.9,25.95
5.2,5.2,1,0.1,52,26
5.21,5.21,1,0.1,52.1,26.05
5.22,5.22,1,0.1,52.2,26.1
5.23,5.23,1,0.1,52.3,26.15
5.24,5.24,1,0.1,52.4,26.2
5.25,5.25,1,0.1,52.5,26.25
5.26,5.26,1,0.1,52.6,26.3
5.27,5.27,1,0.1,52.7,26.35
5.28,5.28,1,0.1,52.8,26.4
5.29,5.29,1,0.1,52.9,26.45
5.3,5.3,1,0.1,53,26.5
5.31,5.31,1,0.1,53.1,26.55
5.32,5.32,1,0.1,53.2,26.6
5.33,5.33,1,0.1,53.3,26.65
5.34,5.34,1,0.1,53.4,26.7
5.35,5.35,1,0.1,53.5,26.75
5.36,5.36,1,0.1,53.6,26.8
5.37,5.37,1,0.1,53.7,26.85
5.38,5.38,1,0.1,53.8,26.9
5.39,5.39,1,0.1,53.9,26.95
5.4,5.4,1,0.1,54,27
5.41,5.41,1,0.1,54.1,27.05
5.42,5.42,1,0.1,54.2,27.1
5.43,5.43,1,0.1,54.3,27.15
5.44,5.44,1,0.1,54.4,27.2
5.45,5.45,1,0.1,54.5,27.25
5.46,5.46,1,0.1,54.6,27.3
5.47,5.47,1,0.1,54.7,27.35
5.48,5.48,1,0.1,54.8,27.4
5.49,5.49,1,0.1,54.9,27.45
5.5,5.5,1,0.1,55,27.5
5.51,5.51,1,0.1,55.1,27.55
5.52,5.52,1,0.1,55.2,27.6
5.53,5.53,1,0.1,55.3,27.65
5.54,5.54,1,0.1,55.4,27.7
5.55,5.55,1,0.1,55.5,27.75
5.56,5.56,1,0.1,55.6,27.8
5.57,5.57,1,0.1,55.7,27.85
5.58,5.58,1,0.1,55.8,27.9
5.59,5.59,1,0.1,55.9,27.95
5.6,5.6,1,0.1,56,28
5.61,5.61,1,0.1,56.1,28.05
5.62,5.62,1,0.1,56.2,28.1
5.63,5.63,1,0.1,56.3,28.15
5.64,5.64,1,0.1,56.4,28.2
5.65,5.65,1,0.1,56.5,28.25
5.66,5.66,1,0.1,56.6,28.3
5.67,5.67,1,0.1,56.7,28.35
5.68,5.68,1,0.1,56.8,28.4
5.69,5.69,1,0.1,56.9,28.45
5.7,5.7,1,0.1,57,28.5
5.71,5.71,1,0.1,57.1,28.55
5.72,5.72,1,0.1,57.2,28.6
5.73,5.73,1,0.1,57.3,28.65
5.74,5.74,1,0.1,57.4,28.7
5.75,5.75,1,0.1,57.5,28.75
5.76,5.76,1,0.1,57.6,28.8
5.77,5.77,1,0.1,57.7,28.85
5.78,5.78,1,0.1,57.8,28.9
5.79,5.79,1,0.1,57.9,28.95
5.8,5.8,1,0.1,58,29
5.81,5.81,1,0.1,58.1,29.05
5.82,5.82,1,0.1,58.2,29.1
5.83,5.83,1,0.1,58.3,29.15
5.84,5.84,1,0.1,58.4,29.2
5.85,5.85,1,0.1,58.5,29.25
5.86,5.86,1,0.1,58.6,29.3
5.87,5.87,1,0.1,58.7,29.35
5.88,5.88,1,0.1,58.8,29.4
5.89,5.89,1,0.1,58.9,29.45
5.9,5.9,1,0.1,59,29.5
5.91,5.91,1,0.1,59.1,29.55
5.92,5.92,1,0.1,59.2,29.6
5.93,5.93,1,0.1,59.3,29.65
5.94,5.94,1,0.1,59.4,29.7
5.95,5.95,1,0.1,59.5,29.75
5.96,5.96,1,0.1,59.6,29.8
5.97,5.97,1,0.1,59.7,29.85
5.98,5.98,1,0.1,59.8,29.9
5.99,5.99,1,0.1,59.9,29.95
6,6,1,0.1,60,30
6.01,6.01,1,0.1,60.1,30.05
6.02,6.02,1,0.1,60.2,30.1
6.03,6.03,1,0.1,60.3,30.15
6.04,6.04,1,0.1,60.4,30.2
6.05,6.05,1,0.1,60.5,30.25
6.06,6.06,1,0.1,60.6,30.3
6.07,6.07,1,0.1,60.7,30.35
6.08,6.08,1,0.1,60.8,30.4
6.09,6.09,1,0.1,60.9,30.45
6.1,6.1,1,0.1,61,30.5
6.11,6.11,1,0.1,61.1,30.55
6.12,6.12,1,0.1,61.2,30.6
6.13,6.13,1,0.1,61.3,30.65
6.14,6.14,1,0.1,61.4,30.7
6.15,6.15,1,0.1,61.5,30.75
6.16,6.16,1,0.1,61.6,30.8
6.17,6.17,1,0.1,61.7,30.85
6.18,6.18,1,0.1,61.8,30.9
6.19,6.19,1,0.1,61.9,30.95
6.2,6.2,1,0.1,62,31
6.21,6.21,1,0.1,62.1,31.05
6.22,6.22,1,0.1,62.2,31.1
6.23,6.23,1,0.1,62.3,31.15
6.24,6.24,1,0.1,62.4,31.2
6.25,6.25,1,0.1,62.5,31.25
6.26,6.26,1,0.1,62.6,31.3
6.27,6.27,1,0.1,62.7,31.35
6.28,6.28,1,0.1,62.8,31.4
6.29,6.29,1,0.1,62.9,31.45
6.3,6.3,1,0.1,63,31.5
6.31,6.31,1,0.1,63.1,31.55
6.32,6.32,1,0.1,63.2,31.6
6.33,6.33,1,0.1,63.3,31.65
6.34,6.34,1,0.1,63.4,31.7
6.35,6.35,1,0.1,63.5,31.75
6.36,6.36,1,0.1,63.6,31.8
6.37,6.37,1,0.1,63.7,31.85
6.38,6.38,1,0.1,63.8,31.9
6.39,6.39,1,0.1,63.9,31.95
6.4,6.4,1,0.1,64,32
6.41,6.41,1,0.1,64.1,32.05
6.42,6.42,1,0.1,64.2,32.1
6.43,6.43,1,0.1,64.3,32.15
6.44,6.44,1,0.1,64.4,32.2
6.45,6.45,1,0.1,64.5,32.25
6.46,6.46,1,0.1,64.6,32.3
6.47,6.47,1,0.1,64.7,32.35
6.48,6.48,1,0.1,64.8,32.4
6.49,6.49,1,0.1,64.9,32.45
6.5,6.5,1,0.1,65,32.5
6.51,6.51,1,0.1,65.1,32.55
6.52,6.52,1,0.1,65.2,32.6
6.53,6.53,1,0.1,65.3,32.65
6.54,6.54,1,0.1,65.4,32.7
6.55,6.55,1,0.1,65.5,32.75
6.56,6.56,1,0.1,65.6,32.8
6.57,6.57,1,0.1,65.7,32.85
6.58,6.58,1,0.1,65.8,32.9
6.59,6.59,1,0.1,65.9,32.95
6.6,6.6,1,0.1,66,33
6.61,6.61,1,0.1,66.1,33.05
6.62,6.62,1,0.1,66.2,33.1
6.63,6.63,1,0.1,66.3,33.15
6.64,6.64,1,0.1,66.4,33.2
6.65,6.65,1,0.1,66.5,33.25
6.66,6.66,1,0.1,66.6,33.3
6.67,6.67,1,0.1,66.7,33.35
6.68,6.68,1,0.1,66.8,33.4
6.69,6.69,1,0.1,66.9,33.45
6.7,6.7,1,0.1,67,33.5
6.71,6.71,1,0.1,67.1,33.55
6.72,6.72,1,0.1,67.2,33.6
6.73,6.73,1,0.1,67.3,33.65
6.74,6.74,1,0.1,67.4,33.7
6.75,6.75,1,0.1,67.5,33.75
6.76,6.76,1,0.1,67.6,33.8
6.77,6.77,1,0.1,67.7,33.85
6.78,6.78,1,0.1,67.8,33.9
6.79,6.79,1,0.1,67.9,33.95
6.8,6.8,1,0.1,68,34
6.81,6.81,1,0.1,68.1,34.05
6.82,6.82,1,0.1,68.2,34.1
6.83,6.83,1,0.1,68.3,34.15
6.84,6.84,1,0.1,68.4,34.2
6.85,6.85,1,0.1,68.5,34.25
6.86,6.86,1,0.1,68.6,34.3
6.87,6.87,1,0.1,68.7,34.35
6.88,6.88,1,0.1,68.8,34.4
6.89,6.89,1,0.1,68.9,34.45
6.9,6.9,1,0.1,69,34.5
6.91,6.91,1,0.1,69.1,34.55
6.92,6.92,1,0.1,69.2,34.6
6.93,6.93,1,0.1,69.3,34.65
6.94,6.94,1,0.1,69.4,34.7
6.95,6.95,1,0.1,69.5,34.75
6.96,6.96,1,0.1,69.6,34.8
6.97,6.97,1,0.1,69.7,34.85
6.98,6.98,1,0.1,69.8,34.9
6.99,6.99,1,0.1,69.9,34.95
7,7,1,0.1,70,35
7.01,7.01,1,0.1,70.1,35.05
7.02,7.02,1,0.1,70.2,35.1
7.03,7.03,1,0.1,70.3,35.15
7.04,7.04,1,0.1,70.4,35.2
7.05,7.05,1,0.1,70.5,35.25
7.06,7.06,1,0.1,70.6,35.3
7.07,7.07,1,0.1,70.7,35.35
7.08,7.08,1,0.1,70.8,35.4
7.09,7.09,1,0.1,70.9,35.45
7.1,7.1,1,0.1,71,35.5
7.11,7.11,1,0.1,71.1,35.55
7.12,7.12,1,0.1,71.2,35.6
7.13,7.13,1,0.1,71.3,35.65
7.14,7.14,1,0.1,71.4,35.7
7.15,7.15,1,0.1,71.5,35.75
7.16,7.16,1,0.1,71.6,35.8
7.17,7.17,1,0.1,71.7,35.85
7.18,7.18,1,0.1,71.8,35.9
7.19,7.19,1,0.1,71.9,35.95
7.2,7.2,1,0.1,72,36
7.21,7.21,1,0.1,72.1,36.05
7.22,7.22,1,0.1,72.2,36.1
7.23,7.23,1,0.1,72.3,36.15
7.24,7.24,1,0.1,72.4,36.2
7.25,7.25,1,0.1,72.5,36.25
7.26,7.26,1,0.1,72.6,36.3
7.27,7.27,1,0.1,72.7,36.35
7.28,7.28,1,0.1,72.8,36.4
7.29,7.29,1,0.1,72.9,36.45
7.3,7.3,1,0.1,73,36.5
7.31,7.31,1,0.1,73.1,36.55
7.32,7.32,1,0.1,73.2,36.6
7.33,7.33,1,0.1,73.3,36.65
7.34,7.34,1,0.1,73.4,36.7
7.35,7.35,1,0.1,73.5,36.75
7.36,7.36,1,0.1,73.6,36.8
7.37,7.37,1,0.1,73.7,36.85
7.38,7.38,1,0.1,73.8,36.9
7.39,7.39,1,0.1,73.9,36.95
7.4,7.4,1,0.1,74,37
7.41,7.41,1,0.1,74.1,37.05
7.42,7.42,1,0.1,74.2,37.1
7.43,7.43,1,0.1,74.3,37.15
7.44,7.44,1,0.1,74.4,37.2
7.45,7.45,1,0.1,74.5,37.25
7.46,7.46,1,0.1,74.6,37.3
7.47,7.47,1,0.1,74.7,37.35
7.48,7.48,1,0.1,74.8,37.4
7.49,7.49,1,0.1,74.9,37.45
7.5,7.5,1,0.1,75,37.5
7.51,7.51,1,0.1,75.1,37.55
7.52,7.52,1,0.1,75.2,37.6
7.53,7.53,1,0.1,75.3,37.65
7.54,7.54,1,0.1,75.4,37.7
7.55,7.55,1,0.1,75.5,37.75
7.56,7.56,1,0.1,75.6,37.8
7.57,7.57,1,0.1,75.7,37.85
7.58,7.58,1,0.1,75.8,37.9
7.59,7.59,1,0.1,75.9,37.95
7.6,7.6,1,0.1,76,38
7.61,7.61,1,0.1,76.1,38.05
7.62,7.62,1,0.1,76.2,38.1
7.63,7.63,1,0.1,76.3,38.15
7.64,7.64,1,0.1,76.4,38.2
7.65,7.65,1,0.1,76.5,38.25
7.66,7.66,1,0.1,76.6,38.3
7.67,7.67,1,0.1,76.7,38.35
7.68,7.68,1,0.1,76.8,38.4
7.69,7.69,1,0.1,76.9,38.45
7.7,7.7,1,0.1,77,38.5
7.71,7.71,1,0.1,77.1,38.55
7.72,7.72,1,0.1,77.2,38.6
7.73,7.73,1,0.1,77.3,38.65
7.74,7.74,1,0.1,77.4,38.7
7.75,7.75,1,0.1,77.5,38.75
7.76,7.76,1,0.1,77.6,38.8
7.77,7.77,1,0.1,77.7,38.85
7.78,7.78,1,0.1,77.8,38.9
7.79,7.79,1,0.1,77.9,38.95
7.8,7.8,1,0.1,78,39
7.81,7.81,1,0.1,78.1,39.05
7.82,7.82,1,0.1,78.2,39.1
7.83,7.83,1,0.1,78.3,39.15
7.84,7.84,1,0.1,78.4,39.2
7.85,7.85,1,0.1,78.5,39.25
7.86,7.86,1,0.1,78.6,39.3
7.87,7.87,1,0.1,78.7,39.35
7.88,7.88,1,0.1,78.8,39.4
7.89,7.89,1,0.1,78.9,39.45
7.9,7.9,1,0.1,79,39.5
7.91,7.91,1,0.1,79.1,39.55
7.92,7.92,1,0.1,79.2,39.6
7.93,7.93,1,0.1,79.3,39.65
7.94,7.94,1,0.1,79.4,39.7
7.95,7.95,1,0.1,79.5,39.75
7.96,7.96,1,0.1,79.6,39.8
7.97,7.97,1,0.1,79.7,39.85
7.98,7.98,1,0.1,79.8,39.9
7.99,7.99,1,0.1,79.9,39.95
8,8,1,0.1,80,40
8.01,8.01,1,0.1,80.1,40.05
8.02,8.02,1,0.1,80.2,40.1
8.03,8.03,1,0.1,80.3,40.15
8.04,8.04,1,0.1,80.4,40.2
8.05,8.05,1,0.1,80.5,40.25
8.06,8.06,1,0.1,80.6,40.3
8.07,8.07,1,0.1,80.7,40.35
8.08,8.08,1,0.1,80.8,40.4
8.09,8.09,1,0.1,80.9,40.45
8.1,8.1,1,0.1,81,40.5
8.11,8.11,1,0.1,81.1,40.55
8.12,8.12,1,0.1,81.2,40.6
8.13,8.13,1,0.1,81.3,40.65
8.14,8.14,1,0.1,81.4,40.7
8.15,8.15,1,0.1,81.5,40.75
8.16,8.16,1,0.1,81.6,40.8
8.17,8.17,1,0.1,81.7,40.85
8.18,8.18,1,0.1,81.8,40.9
8.19,8.19,1,0.1,81.9,40.95
8.2,8.2,1,0.1,82,41
8.21,8.21,1,0.1,82.1,41.05
8.22,8.22,1,0.1,82.2,41.1
8.23,8.23,1,0.1,82.3,41.15
8.24,8.24,1,0.1,82.4,41.2
8.25,8.25,1,0.1,82.5,41.25
8.26,8.26,1,0.1,82.6,41.3
8.27,8.27,1,0.1,82.7,41.35
8.28,8.28,1,0.1,82.8,41.4
8.29,8.29,1,0.1,82.9,41.45
8.3,8.3,1,0.1,83,41.5
8.31,8.31,1,0.1,83.1,41.55
8.32,8.32,1,0.1,83.2,41.6
8.33,8.33,1,0.1,83.3,41.65
8.34,8.34,1,0.1,83.4,41.7
8.35,8.35,1,0.1,83.5,41.75
8.36,8.36,1,0.1,83.6,41.8
8.37,8.37,1,0.1,83.7,41.85
8.38,8.38,1,0.1,83.8,41.9
8.39,8.39,1,0.1,83.9,41.95
8.4,8.4,1,0.1,84,42
8.41,8.41,1,0.1,84.1,42.05
8.42,8.42,1,0.1,84.2,42.1
8.43,8.43,1,0.1,84.3,42.15
8.44,8.44,1,0.1,84.4,42.2
8.45,8.45,1,0.1,84.5,42.25
8.46,8.46,1,0.1,84.6,42.3
8.47,8.47,1,0.1,84.7,42.35
8.48,8.48,1,0.1,84.8,42.4
8.49,8.49,1,0.1,84.9,42.45
8.5,8.5,1,0.1,85,42.5
8.51,8.51,1,0.1,85.1,42.55
8.52,8.52,1,0.1,85.2,42.6
8.53,8.53,1,0.1,85.3,42.65
8.54,8.54,1,0.1,85.4,42.7
8.55,8.55,1,0.1,85.5,42.75
8.56,8.56,1,0.1,85.6,42.8
8.57,8.57,1,0.1,85.7,42.85
8.58,8.58,1,0.1,85.8,42.9
8.59,8.59,1,0.1,85.9,42.95
8.6,8.6,1,0.1,86,43
8.61,8.61,1,0.1,86.1,43.05
8.62,8.62,1,0.1,86.2,43.1
8.63,8.63,1,0.1,86.3,43.15
8.64,8.64,1,0.1,86.4,43.2
8.65,8.65,1,0.1,86.5,43.25
8.66,8.66,1,0.1,86.6,43.3
8.67,8.67,1,0.1,86.7,43.35
8.68,8.68,1,0.1,86.8,43.4
8.69,8.69,1,0.1,86.9,43.45
8.7,8.7,1,0.1,87,43.5
8.71,8.71,1,0.1,87.1,43.55
8.72,8.72,1,0.1,87.2,43.6
8.73,8.73,1,0.1,87.3,43.65
8.74,8.74,1,0.1,87.4,43.7
8.75,8.75,1,0.1,87.5,43.75
8.76,8.76,1,0.1,87.6,43.8
8.77,8.77,1,0.1,87.7,43.85
8.78,8.78,1,0.1,87.8,43.9
8.79,8.79,1,0.1,87.9,43.95
8.8,8.8,1,0.1,88,44
8.81,8.81,1,0.1,88.1,44.05
8.82,8.82,1,0.1,88.2,44.1
8.83,8.83,1,0.1,88.3,44.15
8.84,8.84,1,0.1,88.4,44.2
8.85,8.85,1,0.1,88.5,44.25
8.86,8.86,1,0.1,88.6,44.3
8.87,8.87,1,0.1,88.7,44.35
8.88,8.88,1,0.1,88.8,44.4
8.89,8.89,1,0.1,88.9,44.45
8.9,8.9,1,0.1,89,44.5
8.91,8.91,1,0.1,89.1,44.55
8.92,8.92,1,0.1,89.2,44.6
8.93,8.93,1,0.1,89.3,44.65
8.94,8.94,1,0.1,89.4,44.7
8.95,8.95,1,0.1,89.5,44.75
8.96,8.96,1,0.1,89.6,44.8
8.97,8.97,1,0.1,89.7,44.85
8.98,8.98,1,0.1,89.8,44.9
8.99,8.99,1,0.1,89.9,44.95
9,9,1,0.1,90,45
9.01,9.01,1,0.1,90.1,45.05
9.02,9.02,1,0.1,90.2,45.1
9.03,9.03,1,0.1,90.3,45.15
9.04,9.04,1,0.1,90.4,45.2
9.05,9.05,1,0.1,90.5,45.25
9.06,9.06,1,0.1,90.6,45.3
9.07,9.07,1,0.1,90.7,45.35
9.08,9.08,1,0.1,90.8,45.4
9.09,9.09,1,0.1,90.9,45.45
9.1,9.1,1,0.1,91,45.5
9.11,9.11,1,0.1,91.1,45.55
9.12,9.12,1,0.1,91.2,45.6
9.13,9.13,1,0.1,91.3,45.65
9.14,9.14,1,0.1,91.4,45.7
9.15,9.15,1,0.1,91.5,45.75
9.16,9.16,1,0.1,91.6,45.8
9.17,9.17,1,0.1,91.7,45.85
9.18,9.18,1,0.1,91.8,45.9
9.19,9.19,1,0.1,91.9,45.95
9.2,9.2,1,0.1,92,46
9.21,9.21,1,0.1,92.1,46.05
9.22,9.22,1,0.1,92.2,46.1
9.23,9.23,1,0.1,92.3,46.15
9.24,9.24,1,0.1,92.4,46.2
9.25,9.25,1,0.1,92.5,46.25
9.26,9.26,1,0.1,92.6,46.3
9.27,9.27,1,0.1,92.7,46.35
9.28,9.28,1,0.1,92.8,46.4
9.29,9.29,1,0.1,92.9,46.45
9.3,9.3,1,0.1,93,46.5
9.31,9.31,1,0.1,93.1,46.55
9.32,9.32,1,0.1,93.2,46.6
9.33,9.33,1,0.1,93.3,46.65
9.34,9.34,1,0.1,93.4,46.7
9.35,9.35,1,0.1,93.5,46.75
9.36,9.36,1,0.1,93.6,46.8
9.37,9.37,1,0.1,93.7,46.85
9.38,9.38,1,0.1,93.8,46.9
9.39,9.39,1,0.1,93.9,46.95
9.4,9.4,1,0.1,94,47
9.41,9.41,1,0.1,94.1,47.05
9.42,9.42,1,0.1,94.2,47.1
9.43,9.43,1,0.1,94.3,47.15
9.44,9.44,1,0.1,94.4,47.2
9.45,9.45,1,0.1,94.5,47.25
9.46,9.46,1,0.1,94.6,47.3
9.47,9.47,1,0.1,94.7,47.35
9.48,9.48,1,0.1,94.8,47.4
9.49,9.49,1,0.1,94.9,47.45
9.5,9.5,1,0.1,95,47.5
9.51,9.51,1,0.1,95.1,47.55
9.52,9.52,1,0.1,95.2,47.6
9.53,9.53,1,0.1,95.3,47.65
9.54,9.54,1,0.1,95.4,47.7
9.55,9.55,1,0.1,95.5,47.75
9.56,9.56,1,0.1,95.6,47.8
9.57,9.57,1,0.1,95.7,47.85
9.58,9.58,1,0.1,95.8,47.9
9.59,9.59,1,0.1,95.9,47.95
9.6,9.6,1,0.1,96,48
9.61,9.61,1,0.1,96.1,48.05
9.62,9.62,1,0.1,96.2,48.1
9.63,9.63,1,0.1,96.3,48.15
9.64,9.64,1,0.1,96.4,48.2
9.65,9.65,1,0.1,96.5,48.25
9.66,9.66,1,0.1,96.6,48.3
9.67,9.67,1,0.1,96.7,48.35
9.68,9.68,1,0.1,96.8,48.4
9.69,9.69,1,0.1,96.9,48.45
9.7,9.7,1,0.1,97,48.5
9.71,9.71,1,0.1,97.1,48.55
9.72,9.72,1,0.1,97.2,48.6
9.73,9.73,1,0.1,97.3,48.65
9.74,9.74,1,0.1,97.4,48.7
9.75,9.75,1,0.1,97.5,48.75
9.76,9.76,1,0.1,97.6,48.8
9.77,9.77,1,0.1,97.7,48.85
9.78,9.78,1,0.1,97.8,48.9
9.79,9.79,1,0.1,97.9,48.95
9.8,9.8,1,0.1,98,49
9.81,9.81,1,0.1,98.1,49.05
9.82,9.82,1,0.1,98.2,49.1
9.83,9.83,1,0.1,98.3,49.15
9.84,9.84,1,0.1,98.4,49.2
9.85,9.85,1,0.1,98.5,49.25
9.86,9.86,1,0.1,98.6,49.3
9.87,9.87,1,0.1,98.7,49.35
9.88,9.88,1,0.1,98.8,49.4
9.89,9.89,1,0.1,98.9,49.45
9.9,9.9,1,0.1,99,49.5
9.91,9.91,1,0.1,99.1,49.55
9.92,9.92,1,0.1,99.2,49.6
9.93,9.93,1,0.1,99.3,49.65
9.94,9.94,1,0.1,99.4,49.7
9.95,9.95,1,0.1,99.5,49.75
9.96,9.96,1,0.1,99.6,49.8
9.97,9.97,1,0.1,99.7,49.85
9.98,9.98,1,0.1,99.8,49.9
9.99,9.99,1,0.1,99.9,49.95
